{"cameraMode":{"drawMode":0,"name":"Shaded","section":"Shading Mode"},"sceneLighting":true,"audioPlay":false,"sceneViewState":{"showFog":true,"showMaterialUpdate":false,"showSkybox":true,"showFlares":true,"showImageEffects":true,"showParticleSystems":true},"in2DMode":false,"pivot":{"x":8.226722717285157,"y":5.85965633392334,"z":12.089966773986817},"rotation":{"x":-0.08230677992105484,"y":0.722553551197052,"z":-0.08735568076372147,"w":-0.6808639168739319},"size":1.5433015823364258,"orthographic":false}