{"cameraMode":{"drawMode":0,"name":"Shaded","section":"Shading Mode"},"sceneLighting":true,"audioPlay":false,"sceneViewState":{"showFog":true,"showMaterialUpdate":false,"showSkybox":true,"showFlares":true,"showImageEffects":true,"showParticleSystems":true},"in2DMode":false,"pivot":{"x":-13.024406433105469,"y":1.733292579650879,"z":0.166809543967247},"rotation":{"x":-0.07636915892362595,"y":0.7723861336708069,"z":-0.09452075511217118,"w":-0.6235468983650208},"size":7.667763710021973,"orthographic":false}