{"cameraMode":{"drawMode":0,"name":"Shaded","section":"Shading Mode"},"sceneLighting":true,"audioPlay":false,"sceneViewState":{"showFog":true,"showMaterialUpdate":false,"showSkybox":true,"showFlares":true,"showImageEffects":true,"showParticleSystems":true},"in2DMode":false,"pivot":{"x":-8.787031173706055,"y":0.7135460376739502,"z":3.7498769760131838},"rotation":{"x":-0.17870724201202393,"y":0.6724023222923279,"z":-0.17225074768066407,"w":-0.697441577911377},"size":7.667763710021973,"orthographic":false}