{"cameraMode":{"drawMode":0,"name":"Shaded","section":"Shading Mode"},"sceneLighting":true,"audioPlay":false,"sceneViewState":{"showFog":true,"showMaterialUpdate":false,"showSkybox":true,"showFlares":true,"showImageEffects":true,"showParticleSystems":true},"in2DMode":false,"pivot":{"x":-4.6422624588012699,"y":0.58332359790802,"z":6.008208274841309},"rotation":{"x":-0.012828076258301735,"y":0.977803111076355,"z":-0.19954372942447663,"w":-0.06286197155714035},"size":3.878795862197876,"orthographic":false}