{"cameraMode":{"drawMode":0,"name":"Shaded","section":"Shading Mode"},"sceneLighting":true,"audioPlay":false,"sceneViewState":{"showFog":true,"showMaterialUpdate":false,"showSkybox":false,"showFlares":true,"showImageEffects":true,"showParticleSystems":true},"in2DMode":false,"pivot":{"x":5.189836502075195,"y":20.187938690185548,"z":-51.766456604003909},"rotation":{"x":-0.1671351045370102,"y":0.7922929525375366,"z":-0.2492775321006775,"w":-0.531294047832489},"size":28.798860549926759,"orthographic":false}