{"cameraMode":{"drawMode":0,"name":"Shaded","section":"Shading Mode"},"sceneLighting":true,"audioPlay":false,"sceneViewState":{"showFog":true,"showMaterialUpdate":false,"showSkybox":true,"showFlares":true,"showImageEffects":true,"showParticleSystems":true},"in2DMode":false,"pivot":{"x":0.569864809513092,"y":3.6631524562835695,"z":11.616668701171875},"rotation":{"x":-0.11552317440509796,"y":0.7193703651428223,"z":-0.12334974855184555,"w":-0.6738027334213257},"size":1.5433015823364258,"orthographic":false}