{"cameraMode":{"drawMode":0,"name":"Shaded","section":"Shading Mode"},"sceneLighting":true,"audioPlay":false,"sceneViewState":{"showFog":true,"showMaterialUpdate":false,"showSkybox":true,"showFlares":true,"showImageEffects":true,"showParticleSystems":true},"in2DMode":false,"pivot":{"x":-8.540910720825196,"y":2.8958022594451906,"z":2.232163906097412},"rotation":{"x":-0.02643793262541294,"y":0.9113659858703613,"z":-0.05912666767835617,"w":-0.40664273500442507},"size":6.146892070770264,"orthographic":false}