{"cameraMode":{"drawMode":0,"name":"Shaded","section":"Shading Mode"},"sceneLighting":true,"audioPlay":false,"sceneViewState":{"showFog":true,"showMaterialUpdate":false,"showSkybox":true,"showFlares":true,"showImageEffects":true,"showParticleSystems":true},"in2DMode":false,"pivot":{"x":13.472936630249024,"y":7.912915229797363,"z":6.433629512786865},"rotation":{"x":-0.02659701183438301,"y":0.809173047542572,"z":-0.03666456788778305,"w":-0.5858978033065796},"size":1.3168270587921143,"orthographic":false}