{"cameraMode":{"drawMode":0,"name":"Shaded","section":"Shading Mode"},"sceneLighting":true,"audioPlay":false,"sceneViewState":{"showFog":true,"showMaterialUpdate":false,"showSkybox":false,"showFlares":true,"showImageEffects":true,"showParticleSystems":true},"in2DMode":false,"pivot":{"x":7.241106986999512,"y":4.984727382659912,"z":8.393263816833496},"rotation":{"x":-0.025918681174516679,"y":0.9618639349937439,"z":-0.25413745641708376,"w":-0.09816457331180573},"size":5.078798770904541,"orthographic":false}