{"cameraMode":{"drawMode":0,"name":"Shaded","section":"Shading Mode"},"sceneLighting":false,"audioPlay":false,"sceneViewState":{"showFog":true,"showMaterialUpdate":false,"showSkybox":false,"showFlares":true,"showImageEffects":true,"showParticleSystems":true},"in2DMode":false,"pivot":{"x":0.5745917558670044,"y":2.273655414581299,"z":3.746159553527832},"rotation":{"x":-0.04962192475795746,"y":0.738051176071167,"z":-0.054554570466279986,"w":-0.6707946062088013},"size":0.9329784512519836,"orthographic":false}