{"cameraMode":{"drawMode":0,"name":"Shaded","section":"Shading Mode"},"sceneLighting":false,"audioPlay":false,"sceneViewState":{"showFog":true,"showMaterialUpdate":false,"showSkybox":false,"showFlares":true,"showImageEffects":true,"showParticleSystems":true},"in2DMode":false,"pivot":{"x":-4.213094711303711,"y":3.4258384704589845,"z":9.68189811706543},"rotation":{"x":-0.09490399062633515,"y":0.8347497582435608,"z":-0.15217159688472749,"w":-0.5206777453422546},"size":1.800356149673462,"orthographic":false}