{"cameraMode":{"drawMode":0,"name":"Shaded","section":"Shading Mode"},"sceneLighting":false,"audioPlay":false,"sceneViewState":{"showFog":true,"showMaterialUpdate":false,"showSkybox":false,"showFlares":true,"showImageEffects":true,"showParticleSystems":true},"in2DMode":false,"pivot":{"x":-2.7020955085754396,"y":1.5053215026855469,"z":7.209311485290527},"rotation":{"x":-0.09717258810997009,"y":0.7522823214530945,"z":-0.11394013464450836,"w":-0.6416557431221008},"size":3.600355863571167,"orthographic":false}