{"cameraMode":{"drawMode":0,"name":"Shaded","section":"Shading Mode"},"sceneLighting":true,"audioPlay":false,"sceneViewState":{"showFog":true,"showMaterialUpdate":false,"showSkybox":true,"showFlares":true,"showImageEffects":true,"showParticleSystems":true},"in2DMode":false,"pivot":{"x":-0.7572002410888672,"y":2.371976613998413,"z":9.327627182006836},"rotation":{"x":-0.13465359807014466,"y":0.7829266786575317,"z":-0.18192502856254579,"w":-0.5795251727104187},"size":3.725240468978882,"orthographic":false}