{"cameraMode":{"drawMode":0,"name":"Shaded","section":"Shading Mode"},"sceneLighting":false,"audioPlay":false,"sceneViewState":{"showFog":true,"showMaterialUpdate":false,"showSkybox":false,"showFlares":true,"showImageEffects":true,"showParticleSystems":true},"in2DMode":false,"pivot":{"x":-6.951948642730713,"y":-3.274055004119873,"z":-9.81701374053955},"rotation":{"x":-0.03802832216024399,"y":0.7132927179336548,"z":-0.03874071314930916,"w":-0.6988656520843506},"size":3.024184226989746,"orthographic":false}