{"cameraMode":{"drawMode":0,"name":"Shaded","section":"Shading Mode"},"sceneLighting":true,"audioPlay":false,"sceneViewState":{"showFog":true,"showMaterialUpdate":false,"showSkybox":true,"showFlares":true,"showImageEffects":true,"showParticleSystems":true},"in2DMode":false,"pivot":{"x":3.05759334564209,"y":5.165204048156738,"z":3.3761630058288576},"rotation":{"x":-0.039489880204200748,"y":0.9018225073814392,"z":-0.08439502120018006,"w":-0.42202943563461306},"size":4.632175445556641,"orthographic":false}