{"cameraMode":{"drawMode":0,"name":"Shaded","section":"Shading Mode"},"sceneLighting":false,"audioPlay":false,"sceneViewState":{"showFog":true,"showMaterialUpdate":false,"showSkybox":false,"showFlares":true,"showImageEffects":true,"showParticleSystems":true},"in2DMode":false,"pivot":{"x":-4.934789657592773,"y":3.114967107772827,"z":-32.41777801513672},"rotation":{"x":-0.1141352653503418,"y":0.6925726532936096,"z":-0.11231176555156708,"w":-0.7034448385238648},"size":2.442018985748291,"orthographic":false}