{"cameraMode":{"drawMode":0,"name":"Shaded","section":"Shading Mode"},"sceneLighting":true,"audioPlay":false,"sceneViewState":{"showFog":true,"showMaterialUpdate":false,"showSkybox":false,"showFlares":true,"showImageEffects":true,"showParticleSystems":true},"in2DMode":false,"pivot":{"x":1.1121028661727906,"y":2.4118032455444338,"z":3.293349266052246},"rotation":{"x":-0.11543691903352738,"y":0.684050977230072,"z":-0.11096686869859696,"w":-0.7116953134536743},"size":2.4408481121063234,"orthographic":false}