{"cameraMode":{"drawMode":0,"name":"Shaded","section":"Shading Mode"},"sceneLighting":true,"audioPlay":false,"sceneViewState":{"showFog":true,"showMaterialUpdate":false,"showSkybox":true,"showFlares":true,"showImageEffects":true,"showParticleSystems":true},"in2DMode":false,"pivot":{"x":-8.894405364990235,"y":6.047623157501221,"z":3.097869396209717},"rotation":{"x":-0.0890052542090416,"y":0.7508872747421265,"z":-0.10334803909063339,"w":-0.6462978720664978},"size":6.852997303009033,"orthographic":false}