{"cameraMode":{"drawMode":0,"name":"Shaded","section":"Shading Mode"},"sceneLighting":false,"audioPlay":false,"sceneViewState":{"showFog":true,"showMaterialUpdate":false,"showSkybox":false,"showFlares":true,"showImageEffects":true,"showParticleSystems":true},"in2DMode":false,"pivot":{"x":-3.166566848754883,"y":2.3953046798706056,"z":8.442749977111817},"rotation":{"x":-0.07274001091718674,"y":0.6376321315765381,"z":-0.06059655919671059,"w":-0.7645883560180664},"size":1.1954131126403809,"orthographic":false}