{"cameraMode":{"drawMode":0,"name":"Shaded","section":"Shading Mode"},"sceneLighting":true,"audioPlay":false,"sceneViewState":{"showFog":true,"showMaterialUpdate":false,"showSkybox":true,"showFlares":true,"showImageEffects":true,"showParticleSystems":true},"in2DMode":false,"pivot":{"x":-3.1822519302368166,"y":2.94327449798584,"z":8.549341201782227},"rotation":{"x":-0.09057611227035523,"y":0.62920743227005,"z":-0.07413512468338013,"w":-0.768449604511261},"size":2.9118731021881105,"orthographic":false}