{"cameraMode":{"drawMode":0,"name":"Shaded","section":"Shading Mode"},"sceneLighting":false,"audioPlay":false,"sceneViewState":{"showFog":true,"showMaterialUpdate":false,"showSkybox":false,"showFlares":true,"showImageEffects":true,"showParticleSystems":true},"in2DMode":false,"pivot":{"x":-3.7077507972717287,"y":-0.5728482007980347,"z":-1.298210620880127},"rotation":{"x":-0.07794923335313797,"y":0.9174624681472778,"z":-0.22335217893123628,"w":-0.320084810256958},"size":2.0835444927215578,"orthographic":false}