{"cameraMode":{"drawMode":0,"name":"Shaded","section":"Shading Mode"},"sceneLighting":true,"audioPlay":false,"sceneViewState":{"showFog":true,"showMaterialUpdate":false,"showSkybox":true,"showFlares":true,"showImageEffects":true,"showParticleSystems":true},"in2DMode":false,"pivot":{"x":-0.7816100120544434,"y":2.035336971282959,"z":10.19601821899414},"rotation":{"x":-0.16208335757255555,"y":0.7392950654029846,"z":-0.19178065657615663,"w":-0.6248539686203003},"size":3.725240468978882,"orthographic":false}