{"cameraMode":{"drawMode":0,"name":"Shaded","section":"Shading Mode"},"sceneLighting":true,"audioPlay":false,"sceneViewState":{"showFog":true,"showMaterialUpdate":false,"showSkybox":true,"showFlares":true,"showImageEffects":true,"showParticleSystems":true},"in2DMode":false,"pivot":{"x":-1.9870836734771729,"y":5.594399452209473,"z":0.456657737493515},"rotation":{"x":-0.134007066488266,"y":0.7001594305038452,"z":-0.1362973004579544,"w":-0.688043475151062},"size":2.3009696006774904,"orthographic":false}