{"cameraMode":{"drawMode":0,"name":"Shaded","section":"Shading Mode"},"sceneLighting":true,"audioPlay":false,"sceneViewState":{"showFog":true,"showMaterialUpdate":false,"showSkybox":true,"showFlares":true,"showImageEffects":true,"showParticleSystems":true},"in2DMode":false,"pivot":{"x":-0.6694862246513367,"y":2.32827091217041,"z":10.012185096740723},"rotation":{"x":0.09122047573328018,"y":-0.7014791369438171,"z":0.09115754812955857,"w":0.7010408043861389},"size":3.145636558532715,"orthographic":true}