{"cameraMode":{"drawMode":0,"name":"Shaded","section":"Shading Mode"},"sceneLighting":true,"audioPlay":false,"sceneViewState":{"showFog":true,"showMaterialUpdate":false,"showSkybox":true,"showFlares":true,"showImageEffects":true,"showParticleSystems":true},"in2DMode":false,"pivot":{"x":-21.33085823059082,"y":-4.806639671325684,"z":9.282112121582032},"rotation":{"x":0.12030483037233353,"y":-0.719839334487915,"z":0.12899743020534516,"w":0.6714123487472534},"size":14.4344482421875,"orthographic":false}