{"cameraMode":{"drawMode":0,"name":"Shaded","section":"Shading Mode"},"sceneLighting":true,"audioPlay":false,"sceneViewState":{"showFog":true,"showMaterialUpdate":false,"showSkybox":true,"showFlares":true,"showImageEffects":true,"showParticleSystems":true},"in2DMode":false,"pivot":{"x":-0.0030002593994140627,"y":2.9850001335144045,"z":10.335000991821289},"rotation":{"x":0.1542232781648636,"y":-0.6794033646583557,"z":0.1492883265018463,"w":0.7017746567726135},"size":1.5682637691497803,"orthographic":true}