{"cameraMode":{"drawMode":0,"name":"Shaded","section":"Shading Mode"},"sceneLighting":true,"audioPlay":false,"sceneViewState":{"showFog":true,"showMaterialUpdate":false,"showSkybox":true,"showFlares":true,"showImageEffects":true,"showParticleSystems":true},"in2DMode":false,"pivot":{"x":-12.974814414978028,"y":-2.9286580085754396,"z":9.908677101135254},"rotation":{"x":-0.1690138727426529,"y":0.6942389011383057,"z":-0.17305324971675874,"w":-0.6779234409332275},"size":11.22680377960205,"orthographic":false}