{"cameraMode":{"drawMode":0,"name":"Shaded","section":"Shading Mode"},"sceneLighting":true,"audioPlay":false,"sceneViewState":{"showFog":true,"showMaterialUpdate":false,"showSkybox":true,"showFlares":true,"showImageEffects":true,"showParticleSystems":true},"in2DMode":false,"pivot":{"x":-1.369774341583252,"y":1.635857343673706,"z":9.766925811767579},"rotation":{"x":0.1080247163772583,"y":-0.7051268815994263,"z":0.1100311279296875,"w":0.6921394467353821},"size":3.611591339111328,"orthographic":false}