{"cameraMode":{"drawMode":0,"name":"Shaded","section":"Shading Mode"},"sceneLighting":false,"audioPlay":false,"sceneViewState":{"showFog":true,"showMaterialUpdate":false,"showSkybox":false,"showFlares":true,"showImageEffects":true,"showParticleSystems":true},"in2DMode":false,"pivot":{"x":0.563076913356781,"y":2.4026360511779787,"z":6.743768692016602},"rotation":{"x":0.18077971041202546,"y":-0.6866610646247864,"z":0.1825340986251831,"w":0.6801134943962097},"size":0.7891141772270203,"orthographic":false}