{"cameraMode":{"drawMode":0,"name":"Shaded","section":"Shading Mode"},"sceneLighting":true,"audioPlay":false,"sceneViewState":{"showFog":true,"showMaterialUpdate":false,"showSkybox":true,"showFlares":true,"showImageEffects":true,"showParticleSystems":true},"in2DMode":false,"pivot":{"x":-6.379210472106934,"y":1.0862746238708497,"z":6.496403694152832},"rotation":{"x":0.08200182020664215,"y":-0.7087512016296387,"z":0.08351437747478485,"w":0.6956984996795654},"size":9.880396842956543,"orthographic":false}