{"cameraMode":{"drawMode":0,"name":"Shaded","section":"Shading Mode"},"sceneLighting":true,"audioPlay":false,"sceneViewState":{"showFog":true,"showMaterialUpdate":false,"showSkybox":true,"showFlares":true,"showImageEffects":true,"showParticleSystems":true},"in2DMode":false,"pivot":{"x":-10.665914535522461,"y":1.7248754501342774,"z":-1.7745704650878907},"rotation":{"x":0.09258148819208145,"y":-0.7901096343994141,"z":0.1233145147562027,"w":0.593328058719635},"size":20.012374877929689,"orthographic":false}