{"cameraMode":{"drawMode":0,"name":"Shaded","section":"Shading Mode"},"sceneLighting":true,"audioPlay":false,"sceneViewState":{"showFog":true,"showMaterialUpdate":false,"showSkybox":true,"showFlares":true,"showImageEffects":true,"showParticleSystems":true},"in2DMode":false,"pivot":{"x":0.5621602535247803,"y":2.765935182571411,"z":11.21218490600586},"rotation":{"x":0.10464226454496384,"y":-0.7077493071556091,"z":0.10713180154561997,"w":0.6905277967453003},"size":1.8192304372787476,"orthographic":true}