{"cameraMode":{"drawMode":0,"name":"Shaded","section":"Shading Mode"},"sceneLighting":true,"audioPlay":false,"sceneViewState":{"showFog":true,"showMaterialUpdate":false,"showSkybox":true,"showFlares":true,"showImageEffects":true,"showParticleSystems":true},"in2DMode":false,"pivot":{"x":-0.7419509291648865,"y":3.061821460723877,"z":8.435441970825196},"rotation":{"x":0.14338210225105287,"y":-0.7536823749542236,"z":0.17513832449913026,"w":0.6171222925186157},"size":2.632841110229492,"orthographic":true}