{"cameraMode":{"drawMode":0,"name":"Shaded","section":"Shading Mode"},"sceneLighting":true,"audioPlay":false,"sceneViewState":{"showFog":true,"showMaterialUpdate":false,"showSkybox":false,"showFlares":true,"showImageEffects":true,"showParticleSystems":true},"in2DMode":false,"pivot":{"x":-1.3699989318847657,"y":9.149845123291016,"z":8.277027130126954},"rotation":{"x":-0.08842229843139649,"y":0.6898537278175354,"z":-0.08549824357032776,"w":-0.7134318351745606},"size":17.274555206298829,"orthographic":false}