{"cameraMode":{"drawMode":0,"name":"Shaded","section":"Shading Mode"},"sceneLighting":true,"audioPlay":false,"sceneViewState":{"showFog":true,"showMaterialUpdate":false,"showSkybox":true,"showFlares":true,"showImageEffects":true,"showParticleSystems":true},"in2DMode":false,"pivot":{"x":3.804896593093872,"y":4.211511135101318,"z":8.256280899047852},"rotation":{"x":0.07375785708427429,"y":-0.7179256677627564,"z":0.07698161154985428,"w":0.6879816055297852},"size":2.6726367473602297,"orthographic":false}