{"cameraMode":{"drawMode":0,"name":"Shaded","section":"Shading Mode"},"sceneLighting":true,"audioPlay":false,"sceneViewState":{"showFog":true,"showMaterialUpdate":false,"showSkybox":true,"showFlares":true,"showImageEffects":true,"showParticleSystems":true},"in2DMode":false,"pivot":{"x":-3.9468648433685304,"y":2.750490188598633,"z":10.033438682556153},"rotation":{"x":0.08316264301538468,"y":-0.901197612285614,"z":0.1994616836309433,"w":0.3758313059806824},"size":1.5352070331573487,"orthographic":false}