{"cameraMode":{"drawMode":0,"name":"Shaded","section":"Shading Mode"},"sceneLighting":true,"audioPlay":false,"sceneViewState":{"showFog":true,"showMaterialUpdate":false,"showSkybox":false,"showFlares":true,"showImageEffects":true,"showParticleSystems":true},"in2DMode":false,"pivot":{"x":-1.2290327548980713,"y":5.620552062988281,"z":10.843927383422852},"rotation":{"x":0.08200182020664215,"y":-0.7087512016296387,"z":0.08351437747478485,"w":0.6956984996795654},"size":8.76908016204834,"orthographic":false}