{"cameraMode":{"drawMode":0,"name":"Shaded","section":"Shading Mode"},"sceneLighting":true,"audioPlay":false,"sceneViewState":{"showFog":true,"showMaterialUpdate":false,"showSkybox":true,"showFlares":true,"showImageEffects":true,"showParticleSystems":true},"in2DMode":false,"pivot":{"x":-11.148277282714844,"y":0.25079646706581118,"z":13.444938659667969},"rotation":{"x":0.11619095504283905,"y":-0.6142991781234741,"z":0.09210536628961563,"w":0.7750755548477173},"size":9.311779022216797,"orthographic":false}