{"cameraMode":{"drawMode":0,"name":"Shaded","section":"Shading Mode"},"sceneLighting":true,"audioPlay":false,"sceneViewState":{"showFog":true,"showMaterialUpdate":false,"showSkybox":false,"showFlares":true,"showImageEffects":true,"showParticleSystems":true},"in2DMode":false,"pivot":{"x":7.33966064453125,"y":5.3399128913879398,"z":8.417387008666993},"rotation":{"x":0.035269271582365039,"y":-0.9516193270683289,"z":0.11938709020614624,"w":0.2809770107269287},"size":17.10274314880371,"orthographic":false}