{"cameraMode":{"drawMode":0,"name":"Shaded","section":"Shading Mode"},"sceneLighting":true,"audioPlay":false,"sceneViewState":{"showFog":true,"showMaterialUpdate":false,"showSkybox":true,"showFlares":true,"showImageEffects":true,"showParticleSystems":true},"in2DMode":false,"pivot":{"x":2.040609836578369,"y":3.753812551498413,"z":11.158889770507813},"rotation":{"x":0.1542232781648636,"y":-0.6794033646583557,"z":0.1492883265018463,"w":0.7017746567726135},"size":1.2735713720321656,"orthographic":true}