{"cameraMode":{"drawMode":0,"name":"Shaded","section":"Shading Mode"},"sceneLighting":true,"audioPlay":false,"sceneViewState":{"showFog":true,"showMaterialUpdate":false,"showSkybox":true,"showFlares":true,"showImageEffects":true,"showParticleSystems":true},"in2DMode":false,"pivot":{"x":9.323857307434082,"y":-2.0128321647644045,"z":2.482726573944092},"rotation":{"x":-0.183299720287323,"y":-0.612335205078125,"z":0.14875999093055726,"w":-0.7545711994171143},"size":4.423252582550049,"orthographic":false}