{"cameraMode":{"drawMode":0,"name":"Shaded","section":"Shading Mode"},"sceneLighting":true,"audioPlay":false,"sceneViewState":{"showFog":true,"showMaterialUpdate":false,"showSkybox":true,"showFlares":true,"showImageEffects":true,"showParticleSystems":true},"in2DMode":false,"pivot":{"x":-3.849339485168457,"y":2.07358455657959,"z":2.462899684906006},"rotation":{"x":-0.07100798934698105,"y":0.8316512703895569,"z":-0.10941549390554428,"w":-0.5397741198539734},"size":7.872837066650391,"orthographic":false}