{"cameraMode":{"drawMode":0,"name":"Shaded","section":"Shading Mode"},"sceneLighting":false,"audioPlay":false,"sceneViewState":{"showFog":true,"showMaterialUpdate":false,"showSkybox":false,"showFlares":true,"showImageEffects":true,"showParticleSystems":true},"in2DMode":false,"pivot":{"x":5.858434200286865,"y":4.71166467666626,"z":1.3628554344177247},"rotation":{"x":-0.013918359763920308,"y":0.8195810914039612,"z":-0.01992782950401306,"w":-0.572454035282135},"size":2.447298049926758,"orthographic":false}