{"cameraMode":{"drawMode":0,"name":"Shaded","section":"Shading Mode"},"sceneLighting":false,"audioPlay":false,"sceneViewState":{"showFog":true,"showMaterialUpdate":false,"showSkybox":false,"showFlares":true,"showImageEffects":true,"showParticleSystems":true},"in2DMode":false,"pivot":{"x":2.6835129261016847,"y":3.0270004272460939,"z":-3.8723974227905275},"rotation":{"x":-0.013918359763920308,"y":0.8195810914039612,"z":-0.01992782950401306,"w":-0.572454035282135},"size":0.953571617603302,"orthographic":false}