{"cameraMode":{"drawMode":0,"name":"Shaded","section":"Shading Mode"},"sceneLighting":true,"audioPlay":false,"sceneViewState":{"showFog":true,"showMaterialUpdate":false,"showSkybox":true,"showFlares":true,"showImageEffects":true,"showParticleSystems":true},"in2DMode":false,"pivot":{"x":-9.786216735839844,"y":5.861112594604492,"z":0.9908919334411621},"rotation":{"x":0.00003554482464096509,"y":0.9990440607070923,"z":-0.0437956303358078,"w":0.0007998421206139028},"size":0.8534767031669617,"orthographic":false}