{"cameraMode":{"drawMode":0,"name":"Shaded","section":"Shading Mode"},"sceneLighting":false,"audioPlay":false,"sceneViewState":{"showFog":true,"showMaterialUpdate":false,"showSkybox":false,"showFlares":true,"showImageEffects":true,"showParticleSystems":true},"in2DMode":false,"pivot":{"x":0.8669954538345337,"y":0.5695540904998779,"z":-8.208141326904297},"rotation":{"x":-0.013918359763920308,"y":0.8195810914039612,"z":-0.01992782950401306,"w":-0.572454035282135},"size":5.3567962646484379,"orthographic":false}