{"cameraMode":{"drawMode":0,"name":"Shaded","section":"Shading Mode"},"sceneLighting":false,"audioPlay":false,"sceneViewState":{"showFog":true,"showMaterialUpdate":false,"showSkybox":false,"showFlares":true,"showImageEffects":true,"showParticleSystems":true},"in2DMode":false,"pivot":{"x":2.692790985107422,"y":2.9880387783050539,"z":-0.5972544550895691},"rotation":{"x":-0.013918359763920308,"y":0.8195810914039612,"z":-0.01992782950401306,"w":-0.572454035282135},"size":0.7966592907905579,"orthographic":false}