{"cameraMode":{"drawMode":0,"name":"Shaded","section":"Shading Mode"},"sceneLighting":false,"audioPlay":false,"sceneViewState":{"showFog":true,"showMaterialUpdate":false,"showSkybox":false,"showFlares":true,"showImageEffects":true,"showParticleSystems":true},"in2DMode":false,"pivot":{"x":0.2592219114303589,"y":0.933588981628418,"z":-0.11441910266876221},"rotation":{"x":-0.006525281351059675,"y":0.7132000923156738,"z":-0.0066398498602211479,"w":-0.7008985280990601},"size":3.1510555744171144,"orthographic":false}