{"cameraMode":{"drawMode":0,"name":"Shaded","section":"Shading Mode"},"sceneLighting":true,"audioPlay":false,"sceneViewState":{"showFog":true,"showMaterialUpdate":false,"showSkybox":true,"showFlares":true,"showImageEffects":true,"showParticleSystems":true},"in2DMode":false,"pivot":{"x":-5.33172607421875,"y":1.983769416809082,"z":7.352181434631348},"rotation":{"x":-0.10469091683626175,"y":0.7887315154075623,"z":-0.14011313021183015,"w":-0.5893309712409973},"size":4.807394981384277,"orthographic":false}