{"cameraMode":{"drawMode":0,"name":"Shaded","section":"Shading Mode"},"sceneLighting":true,"audioPlay":false,"sceneViewState":{"showFog":true,"showMaterialUpdate":false,"showSkybox":true,"showFlares":true,"showImageEffects":true,"showParticleSystems":true},"in2DMode":false,"pivot":{"x":-7.786880970001221,"y":3.968144178390503,"z":2.720824956893921},"rotation":{"x":-0.07672510296106339,"y":0.6685230135917664,"z":-0.06964952498674393,"w":-0.7364368438720703},"size":7.586129188537598,"orthographic":false}