{"cameraMode":{"drawMode":0,"name":"Shaded","section":"Shading Mode"},"sceneLighting":true,"audioPlay":false,"sceneViewState":{"showFog":true,"showMaterialUpdate":false,"showSkybox":true,"showFlares":true,"showImageEffects":true,"showParticleSystems":true},"in2DMode":false,"pivot":{"x":4.419417381286621,"y":3.965155839920044,"z":-0.9756631851196289},"rotation":{"x":-0.039103295654058459,"y":0.8558927178382874,"z":-0.06544361263513565,"w":-0.5115341544151306},"size":3.698753833770752,"orthographic":false}