{"cameraMode":{"drawMode":0,"name":"Shaded","section":"Shading Mode"},"sceneLighting":false,"audioPlay":false,"sceneViewState":{"showFog":true,"showMaterialUpdate":false,"showSkybox":false,"showFlares":true,"showImageEffects":true,"showParticleSystems":true},"in2DMode":false,"pivot":{"x":-0.11441904306411743,"y":0.933588981628418,"z":-0.2592219114303589},"rotation":{"x":-0.03686938434839249,"y":0.6942141652107239,"z":-0.03565135970711708,"w":-0.71794193983078},"size":3.151055335998535,"orthographic":false}