{"cameraMode":{"drawMode":0,"name":"Shaded","section":"Shading Mode"},"sceneLighting":false,"audioPlay":false,"sceneViewState":{"showFog":true,"showMaterialUpdate":false,"showSkybox":false,"showFlares":true,"showImageEffects":true,"showParticleSystems":true},"in2DMode":false,"pivot":{"x":0.6320297718048096,"y":1.1840906143188477,"z":-7.380393981933594},"rotation":{"x":-0.0065234205685555939,"y":0.9753311276435852,"z":-0.029082348570227624,"w":-0.21881695091724397},"size":3.75105619430542,"orthographic":false}