{"cameraMode":{"drawMode":0,"name":"Shaded","section":"Shading Mode"},"sceneLighting":true,"audioPlay":false,"sceneViewState":{"showFog":true,"showMaterialUpdate":false,"showSkybox":true,"showFlares":true,"showImageEffects":true,"showParticleSystems":true},"in2DMode":false,"pivot":{"x":5.66653299331665,"y":3.7531356811523439,"z":-4.165014266967773},"rotation":{"x":-0.02138160727918148,"y":0.9654821157455444,"z":-0.0840238705277443,"w":-0.2457018792629242},"size":4.651055812835693,"orthographic":false}