{"cameraMode":{"drawMode":0,"name":"Shaded","section":"Shading Mode"},"sceneLighting":false,"audioPlay":false,"sceneViewState":{"showFog":true,"showMaterialUpdate":false,"showSkybox":false,"showFlares":true,"showImageEffects":true,"showParticleSystems":true},"in2DMode":false,"pivot":{"x":4.802000045776367,"y":1.7230000495910645,"z":-1.1629999876022339},"rotation":{"x":0.0011647214414551855,"y":0.7274616360664368,"z":0.0012261953670531512,"w":-0.6861710548400879},"size":10.0,"orthographic":false}