{"cameraMode":{"drawMode":0,"name":"Shaded","section":"Shading Mode"},"sceneLighting":false,"audioPlay":false,"sceneViewState":{"showFog":true,"showMaterialUpdate":false,"showSkybox":false,"showFlares":true,"showImageEffects":true,"showParticleSystems":true},"in2DMode":false,"pivot":{"x":-0.04723566770553589,"y":0.3854142427444458,"z":-0.10701477527618408},"rotation":{"x":-0.00415170518681407,"y":0.7529793381690979,"z":-0.004751099739223719,"w":-0.6580183506011963},"size":1.300852656364441,"orthographic":false}