{"cameraMode":{"drawMode":0,"name":"Shaded","section":"Shading Mode"},"sceneLighting":false,"audioPlay":false,"sceneViewState":{"showFog":true,"showMaterialUpdate":false,"showSkybox":false,"showFlares":true,"showImageEffects":true,"showParticleSystems":true},"in2DMode":false,"pivot":{"x":-6.951948642730713,"y":-3.274055004119873,"z":-9.81701374053955},"rotation":{"x":-0.039103295654058459,"y":0.8558927178382874,"z":-0.06544361263513565,"w":-0.5115341544151306},"size":3.024184226989746,"orthographic":false}