{"cameraMode":{"drawMode":0,"name":"Shaded","section":"Shading Mode"},"sceneLighting":true,"audioPlay":false,"sceneViewState":{"showFog":true,"showMaterialUpdate":false,"showSkybox":true,"showFlares":true,"showImageEffects":true,"showParticleSystems":true},"in2DMode":false,"pivot":{"x":-3.3487377166748049,"y":0.9252853393554688,"z":3.724414825439453},"rotation":{"x":-0.10269062966108322,"y":0.8445155024528503,"z":-0.17498424649238587,"w":-0.49560943245887759},"size":10.0,"orthographic":false}