{"cameraMode":{"drawMode":0,"name":"Shaded","section":"Shading Mode"},"sceneLighting":true,"audioPlay":false,"sceneViewState":{"showFog":true,"showMaterialUpdate":false,"showSkybox":true,"showFlares":true,"showImageEffects":true,"showParticleSystems":true},"in2DMode":false,"pivot":{"x":-3.0372772216796877,"y":2.6035449504852297,"z":-19.003021240234376},"rotation":{"x":-0.011654790490865708,"y":0.9674333930015564,"z":-0.04531798139214516,"w":-0.24877795577049256},"size":12.183753967285157,"orthographic":false}