{"cameraMode":{"drawMode":0,"name":"Shaded","section":"Shading Mode"},"sceneLighting":false,"audioPlay":false,"sceneViewState":{"showFog":true,"showMaterialUpdate":false,"showSkybox":false,"showFlares":true,"showImageEffects":true,"showParticleSystems":true},"in2DMode":false,"pivot":{"x":3.7208123207092287,"y":1.8355553150177003,"z":-11.55642318725586},"rotation":{"x":-0.041098274290561679,"y":0.9153002500534058,"z":-0.09674777090549469,"w":-0.38881710171699526},"size":5.056796073913574,"orthographic":false}