{"cameraMode":{"drawMode":0,"name":"Shaded","section":"Shading Mode"},"sceneLighting":false,"audioPlay":false,"sceneViewState":{"showFog":true,"showMaterialUpdate":false,"showSkybox":false,"showFlares":true,"showImageEffects":true,"showParticleSystems":true},"in2DMode":false,"pivot":{"x":0.8669954538345337,"y":0.5695540904998779,"z":-8.208141326904297},"rotation":{"x":-0.041098274290561679,"y":0.9153002500534058,"z":-0.09674777090549469,"w":-0.38881710171699526},"size":5.3567962646484379,"orthographic":false}