{"cameraMode":{"drawMode":0,"name":"Shaded","section":"Shading Mode"},"sceneLighting":true,"audioPlay":false,"sceneViewState":{"showFog":true,"showMaterialUpdate":false,"showSkybox":true,"showFlares":true,"showImageEffects":true,"showParticleSystems":true},"in2DMode":false,"pivot":{"x":-8.244430541992188,"y":2.303846836090088,"z":-8.499069213867188},"rotation":{"x":-0.041098274290561679,"y":0.9153002500534058,"z":-0.09674777090549469,"w":-0.38881710171699526},"size":10.0,"orthographic":false}