{"cameraMode":{"drawMode":0,"name":"Shaded","section":"Shading Mode"},"sceneLighting":false,"audioPlay":false,"sceneViewState":{"showFog":true,"showMaterialUpdate":false,"showSkybox":false,"showFlares":true,"showImageEffects":true,"showParticleSystems":true},"in2DMode":false,"pivot":{"x":1.7342725992202759,"y":2.1810574531555177,"z":-9.106317520141602},"rotation":{"x":-0.14657922089099885,"y":0.724997878074646,"z":-0.16274000704288484,"w":-0.6530028581619263},"size":3.556795597076416,"orthographic":false}