{"cameraMode":{"drawMode":0,"name":"Shaded","section":"Shading Mode"},"sceneLighting":true,"audioPlay":false,"sceneViewState":{"showFog":true,"showMaterialUpdate":false,"showSkybox":true,"showFlares":true,"showImageEffects":true,"showParticleSystems":true},"in2DMode":false,"pivot":{"x":-1.9952211380004883,"y":4.551992416381836,"z":-1.385819911956787},"rotation":{"x":0.10594391077756882,"y":-0.7294357419013977,"z":0.11607781797647476,"w":0.6657617092132568},"size":6.548678398132324,"orthographic":false}