{"cameraMode":{"drawMode":0,"name":"Shaded","section":"Shading Mode"},"sceneLighting":false,"audioPlay":false,"sceneViewState":{"showFog":true,"showMaterialUpdate":false,"showSkybox":false,"showFlares":true,"showImageEffects":true,"showParticleSystems":true},"in2DMode":false,"pivot":{"x":0.8669954538345337,"y":0.5695540904998779,"z":-8.208141326904297},"rotation":{"x":-0.14657922089099885,"y":0.724997878074646,"z":-0.16274000704288484,"w":-0.6530028581619263},"size":5.3567962646484379,"orthographic":false}