{"cameraMode":{"drawMode":0,"name":"Shaded","section":"Shading Mode"},"sceneLighting":true,"audioPlay":false,"sceneViewState":{"showFog":true,"showMaterialUpdate":false,"showSkybox":true,"showFlares":true,"showImageEffects":true,"showParticleSystems":true},"in2DMode":false,"pivot":{"x":-5.214900493621826,"y":3.5082132816314699,"z":-3.9513206481933595},"rotation":{"x":0.056786227971315387,"y":-0.8775330185890198,"z":0.1074245423078537,"w":0.4638940691947937},"size":5.436738967895508,"orthographic":false}