{"cameraMode":{"drawMode":0,"name":"Shaded","section":"Shading Mode"},"sceneLighting":true,"audioPlay":false,"sceneViewState":{"showFog":true,"showMaterialUpdate":false,"showSkybox":true,"showFlares":true,"showImageEffects":true,"showParticleSystems":true},"in2DMode":false,"pivot":{"x":-5.92549991607666,"y":4.536175727844238,"z":3.215819835662842},"rotation":{"x":-0.04840341582894325,"y":0.9415482878684998,"z":-0.15417863428592683,"w":-0.2955929934978485},"size":2.11307954788208,"orthographic":false}