{"cameraMode":{"drawMode":0,"name":"Shaded","section":"Shading Mode"},"sceneLighting":false,"audioPlay":false,"sceneViewState":{"showFog":true,"showMaterialUpdate":false,"showSkybox":false,"showFlares":true,"showImageEffects":true,"showParticleSystems":true},"in2DMode":false,"pivot":{"x":2.692790985107422,"y":2.9880387783050539,"z":-0.5972544550895691},"rotation":{"x":-0.03745304420590401,"y":0.682273268699646,"z":-0.035037629306316379,"w":-0.7292978763580322},"size":0.7966592907905579,"orthographic":false}