{"cameraMode":{"drawMode":0,"name":"Shaded","section":"Shading Mode"},"sceneLighting":true,"audioPlay":false,"sceneViewState":{"showFog":false,"showMaterialUpdate":false,"showSkybox":false,"showFlares":false,"showImageEffects":false,"showParticleSystems":false},"in2DMode":false,"pivot":{"x":-13.5888671875,"y":7.211771011352539,"z":7.3060383796691898},"rotation":{"x":-0.0517866350710392,"y":0.6954628229141235,"z":-0.050375863909721377,"w":-0.7149283289909363},"size":1.630678653717041,"orthographic":false}