{"cameraMode":{"drawMode":0,"name":"Shaded","section":"Shading Mode"},"sceneLighting":true,"audioPlay":false,"sceneViewState":{"showFog":false,"showMaterialUpdate":false,"showSkybox":false,"showFlares":false,"showImageEffects":false,"showParticleSystems":false},"in2DMode":false,"pivot":{"x":-13.352933883666993,"y":4.612741470336914,"z":8.90035343170166},"rotation":{"x":-0.06588245928287506,"y":0.7521132230758667,"z":-0.07607738673686981,"w":-0.6513152718544006},"size":4.0306782722473148,"orthographic":false}