{"cameraMode":{"drawMode":0,"name":"Shaded","section":"Shading Mode"},"sceneLighting":true,"audioPlay":false,"sceneViewState":{"showFog":true,"showMaterialUpdate":false,"showSkybox":true,"showFlares":true,"showImageEffects":true,"showParticleSystems":true},"in2DMode":false,"pivot":{"x":-13.676421165466309,"y":7.3792266845703129,"z":7.330559730529785},"rotation":{"x":-0.06932565569877625,"y":0.6779220700263977,"z":-0.06446670740842819,"w":-0.7290176749229431},"size":2.2306785583496095,"orthographic":false}