{"cameraMode":{"drawMode":0,"name":"Shaded","section":"Shading Mode"},"sceneLighting":false,"audioPlay":false,"sceneViewState":{"showFog":false,"showMaterialUpdate":false,"showSkybox":false,"showFlares":false,"showImageEffects":false,"showParticleSystems":false},"in2DMode":false,"pivot":{"x":-13.304418563842774,"y":4.223588943481445,"z":12.190777778625489},"rotation":{"x":-0.06588245928287506,"y":0.7521132230758667,"z":-0.07607738673686981,"w":-0.6513152718544006},"size":3.151055097579956,"orthographic":false}