{"cameraMode":{"drawMode":0,"name":"Shaded","section":"Shading Mode"},"sceneLighting":true,"audioPlay":false,"sceneViewState":{"showFog":true,"showMaterialUpdate":false,"showSkybox":true,"showFlares":true,"showImageEffects":true,"showParticleSystems":true},"in2DMode":false,"pivot":{"x":2.470585584640503,"y":2.2235894203186037,"z":-0.765827476978302},"rotation":{"x":-0.03500493988394737,"y":0.9062767624855042,"z":-0.07658938318490982,"w":-0.41421133279800417},"size":0.6803387403488159,"orthographic":false}