{"cameraMode":{"drawMode":0,"name":"Shaded","section":"Shading Mode"},"sceneLighting":true,"audioPlay":false,"sceneViewState":{"showFog":true,"showMaterialUpdate":false,"showSkybox":true,"showFlares":true,"showImageEffects":true,"showParticleSystems":true},"in2DMode":false,"pivot":{"x":-6.913951873779297,"y":6.532309055328369,"z":10.773518562316895},"rotation":{"x":-0.004144750535488129,"y":0.75396329164505,"z":-0.004757310729473829,"w":-0.6568865776062012},"size":1.1927247047424317,"orthographic":false}