{"cameraMode":{"drawMode":0,"name":"Shaded","section":"Shading Mode"},"sceneLighting":true,"audioPlay":false,"sceneViewState":{"showFog":true,"showMaterialUpdate":false,"showSkybox":true,"showFlares":true,"showImageEffects":true,"showParticleSystems":true},"in2DMode":false,"pivot":{"x":-5.483270645141602,"y":1.9837656021118165,"z":7.894670009613037},"rotation":{"x":-0.10678078234195709,"y":0.7798033356666565,"z":-0.13852715492248536,"w":-0.6010950803756714},"size":10.0,"orthographic":false}