{"cameraMode":{"drawMode":0,"name":"Shaded","section":"Shading Mode"},"sceneLighting":true,"audioPlay":false,"sceneViewState":{"showFog":true,"showMaterialUpdate":false,"showSkybox":true,"showFlares":true,"showImageEffects":true,"showParticleSystems":true},"in2DMode":false,"pivot":{"x":-8.99715805053711,"y":7.224366188049316,"z":7.2709503173828129},"rotation":{"x":-0.12060897052288056,"y":0.7232353687286377,"z":-0.13071762025356294,"w":-0.6673061847686768},"size":-0.4255841374397278,"orthographic":false}