{"cameraMode":{"drawMode":0,"name":"Shaded","section":"Shading Mode"},"sceneLighting":true,"audioPlay":false,"sceneViewState":{"showFog":true,"showMaterialUpdate":false,"showSkybox":true,"showFlares":true,"showImageEffects":true,"showParticleSystems":true},"in2DMode":false,"pivot":{"x":-9.994488716125489,"y":3.9425854682922365,"z":2.8822555541992189},"rotation":{"x":0.060946714133024219,"y":-0.7618923187255859,"z":0.07244167476892472,"w":0.6407954692840576},"size":7.624477386474609,"orthographic":false}