{"cameraMode":{"drawMode":0,"name":"Shaded","section":"Shading Mode"},"sceneLighting":true,"audioPlay":false,"sceneViewState":{"showFog":true,"showMaterialUpdate":false,"showSkybox":true,"showFlares":true,"showImageEffects":true,"showParticleSystems":true},"in2DMode":false,"pivot":{"x":-5.109820365905762,"y":3.600053310394287,"z":-0.1016615629196167},"rotation":{"x":-0.07318397611379624,"y":0.7316569089889526,"z":-0.07955680787563324,"w":-0.673047661781311},"size":1.4940149784088135,"orthographic":false}