{"cameraMode":{"drawMode":0,"name":"Shaded","section":"Shading Mode"},"sceneLighting":true,"audioPlay":false,"sceneViewState":{"showFog":true,"showMaterialUpdate":false,"showSkybox":true,"showFlares":true,"showImageEffects":true,"showParticleSystems":true},"in2DMode":false,"pivot":{"x":-15.138256072998047,"y":4.323550224304199,"z":8.003814697265625},"rotation":{"x":0.036848995834589007,"y":-0.7335014939308167,"z":0.03986026719212532,"w":0.6775668263435364},"size":2.473377227783203,"orthographic":false}