{"cameraMode":{"drawMode":0,"name":"Shaded","section":"Shading Mode"},"sceneLighting":true,"audioPlay":false,"sceneViewState":{"showFog":true,"showMaterialUpdate":false,"showSkybox":true,"showFlares":true,"showImageEffects":true,"showParticleSystems":true},"in2DMode":false,"pivot":{"x":-15.195860862731934,"y":4.75766134262085,"z":8.399079322814942},"rotation":{"x":0.06409598886966706,"y":-0.7510011196136475,"z":0.07367722690105438,"w":0.6530903577804565},"size":5.918828964233398,"orthographic":false}