{"cameraMode":{"drawMode":0,"name":"Shaded","section":"Shading Mode"},"sceneLighting":false,"audioPlay":false,"sceneViewState":{"showFog":true,"showMaterialUpdate":false,"showSkybox":false,"showFlares":true,"showImageEffects":true,"showParticleSystems":true},"in2DMode":false,"pivot":{"x":-7.345544815063477,"y":-3.30136775970459,"z":-7.229212760925293},"rotation":{"x":0.191891610622406,"y":-0.5326344966888428,"z":0.12544488906860352,"w":0.8147315979003906},"size":3.1965537071228029,"orthographic":false}