{"cameraMode":{"drawMode":0,"name":"Shaded","section":"Shading Mode"},"sceneLighting":true,"audioPlay":false,"sceneViewState":{"showFog":true,"showMaterialUpdate":false,"showSkybox":true,"showFlares":true,"showImageEffects":true,"showParticleSystems":true},"in2DMode":false,"pivot":{"x":-8.58255386352539,"y":2.5375423431396486,"z":0.8769011497497559},"rotation":{"x":0.09074416756629944,"y":-0.7677697539329529,"z":0.11156735569238663,"w":0.624412477016449},"size":3.0340607166290285,"orthographic":false}