{"cameraMode":{"drawMode":0,"name":"Shaded","section":"Shading Mode"},"sceneLighting":true,"audioPlay":false,"sceneViewState":{"showFog":true,"showMaterialUpdate":false,"showSkybox":true,"showFlares":true,"showImageEffects":true,"showParticleSystems":true},"in2DMode":false,"pivot":{"x":-9.580589294433594,"y":1.598088026046753,"z":-0.09212883561849594},"rotation":{"x":0.1275346875190735,"y":-0.7956821918487549,"z":0.17985908687114716,"w":0.5641950964927673},"size":4.401731014251709,"orthographic":false}