{"cameraMode":{"drawMode":0,"name":"Shaded","section":"Shading Mode"},"sceneLighting":true,"audioPlay":false,"sceneViewState":{"showFog":true,"showMaterialUpdate":false,"showSkybox":true,"showFlares":true,"showImageEffects":true,"showParticleSystems":true},"in2DMode":false,"pivot":{"x":-9.755335807800293,"y":3.298257350921631,"z":2.3818352222442629},"rotation":{"x":0.0727844163775444,"y":-0.7715880870819092,"z":0.08974964171648026,"w":0.6255879402160645},"size":7.579524040222168,"orthographic":false}