{"cameraMode":{"drawMode":0,"name":"Shaded","section":"Shading Mode"},"sceneLighting":true,"audioPlay":false,"sceneViewState":{"showFog":true,"showMaterialUpdate":false,"showSkybox":true,"showFlares":true,"showImageEffects":true,"showParticleSystems":true},"in2DMode":false,"pivot":{"x":-4.962551116943359,"y":4.087398529052734,"z":-0.2315887212753296},"rotation":{"x":-0.11195078492164612,"y":0.7521730065345764,"z":-0.1324552446603775,"w":-0.6357345581054688},"size":2.394014835357666,"orthographic":false}