{"cameraMode":{"drawMode":0,"name":"Shaded","section":"Shading Mode"},"sceneLighting":true,"audioPlay":false,"sceneViewState":{"showFog":true,"showMaterialUpdate":false,"showSkybox":true,"showFlares":true,"showImageEffects":true,"showParticleSystems":true},"in2DMode":false,"pivot":{"x":-10.337764739990235,"y":4.90899133682251,"z":4.556600093841553},"rotation":{"x":0.04240060970187187,"y":-0.72602778673172,"z":0.044920459389686587,"w":0.684931218624115},"size":0.68108069896698,"orthographic":false}